SQLQuery, Total execution time (in Sec), Sample
"SELECT	SRCE_SYS, TRGT_SYS, SOURCE_TABLE, TARGET_TABLE, WKFLW_NAME, 		SESSION_NAME, MAPPING_NAME, INTEGRATION_TYPE, REAL_BTCH_TYPE, 		SCHDD_RUN_TM, FRQCY_EXCTN, SRCE_REC_CNT, TRGT_REC_CNT, RJCT_REC_CNT  		FROM	GEEDW_PLP_BV.GEEDW_ETL_JOB_RUN_DTL WHERE WKFLW_NAME = 'wflw_GEEDW_S_PODS_DAILY';",1.996,1
" SELECT	SRCE_SYS, TRGT_SYS, SOURCE_TABLE, TARGET_TABLE, WKFLW_NAME, 		SESSION_NAME, MAPPING_NAME, INTEGRATION_TYPE, REAL_BTCH_TYPE, 		SCHDD_RUN_TM, FRQCY_EXCTN, SRCE_REC_CNT, TRGT_REC_CNT, RJCT_REC_CNT  		FROM	GEEDW_PLP_BV.GEEDW_ETL_JOB_RUN_DTL WHERE WKFLW_NAME = 'wflw_GEEDW_S_PODS_DAILY';",1.333,1
" SELECT	SRCE_SYS, TRGT_SYS, SOURCE_TABLE, TARGET_TABLE, WKFLW_NAME, 		SESSION_NAME, MAPPING_NAME, INTEGRATION_TYPE, REAL_BTCH_TYPE, 		SCHDD_RUN_TM, FRQCY_EXCTN, SRCE_REC_CNT, TRGT_REC_CNT, RJCT_REC_CNT  		FROM	GEEDW_PLP_BV.GEEDW_ETL_JOB_RUN_DTL WHERE WKFLW_NAME = 'wflw_GEEDW_S_PODS_DAILY';",1.085,1
" SELECT	SRCE_SYS, TRGT_SYS, SOURCE_TABLE, TARGET_TABLE, WKFLW_NAME, 		SESSION_NAME, MAPPING_NAME, INTEGRATION_TYPE, REAL_BTCH_TYPE, 		SCHDD_RUN_TM, FRQCY_EXCTN, SRCE_REC_CNT, TRGT_REC_CNT, RJCT_REC_CNT  		FROM	GEEDW_PLP_BV.GEEDW_ETL_JOB_RUN_DTL WHERE WKFLW_NAME = 'wflw_GEEDW_S_PODS_DAILY';",1.016,1
" SELECT	SRCE_SYS, TRGT_SYS, SOURCE_TABLE, TARGET_TABLE, WKFLW_NAME, 		SESSION_NAME, MAPPING_NAME, INTEGRATION_TYPE, REAL_BTCH_TYPE, 		SCHDD_RUN_TM, FRQCY_EXCTN, SRCE_REC_CNT, TRGT_REC_CNT, RJCT_REC_CNT  		FROM	GEEDW_PLP_BV.GEEDW_ETL_JOB_RUN_DTL WHERE WKFLW_NAME = 'wflw_GEEDW_S_PODS_DAILY';",1.022,1
" SELECT	SRCE_SYS, TRGT_SYS, SOURCE_TABLE, TARGET_TABLE, WKFLW_NAME, 		SESSION_NAME, MAPPING_NAME, INTEGRATION_TYPE, REAL_BTCH_TYPE, 		SCHDD_RUN_TM, FRQCY_EXCTN, SRCE_REC_CNT, TRGT_REC_CNT, RJCT_REC_CNT  		FROM	GEEDW_PLP_BV.GEEDW_ETL_JOB_RUN_DTL WHERE WKFLW_NAME = 'wflw_GEEDW_S_PODS_DAILY';",1.017,1
"SELECT	SRCE_SYS, TRGT_SYS, SOURCE_TABLE, TARGET_TABLE, WKFLW_NAME, 		SESSION_NAME, MAPPING_NAME, INTEGRATION_TYPE, REAL_BTCH_TYPE, 		SCHDD_RUN_TM, FRQCY_EXCTN, SRCE_REC_CNT, TRGT_REC_CNT, RJCT_REC_CNT  		FROM	GEEDW_PLP_BV.GEEDW_ETL_JOB_RUN_DTL WHERE WKFLW_NAME = 'wflw_GEEDW_S_PODS_DAILY';",1.749,2
" SELECT	SRCE_SYS, TRGT_SYS, SOURCE_TABLE, TARGET_TABLE, WKFLW_NAME, 		SESSION_NAME, MAPPING_NAME, INTEGRATION_TYPE, REAL_BTCH_TYPE, 		SCHDD_RUN_TM, FRQCY_EXCTN, SRCE_REC_CNT, TRGT_REC_CNT, RJCT_REC_CNT  		FROM	GEEDW_PLP_BV.GEEDW_ETL_JOB_RUN_DTL WHERE WKFLW_NAME = 'wflw_GEEDW_S_PODS_DAILY';",1.282,2
" SELECT	SRCE_SYS, TRGT_SYS, SOURCE_TABLE, TARGET_TABLE, WKFLW_NAME, 		SESSION_NAME, MAPPING_NAME, INTEGRATION_TYPE, REAL_BTCH_TYPE, 		SCHDD_RUN_TM, FRQCY_EXCTN, SRCE_REC_CNT, TRGT_REC_CNT, RJCT_REC_CNT  		FROM	GEEDW_PLP_BV.GEEDW_ETL_JOB_RUN_DTL WHERE WKFLW_NAME = 'wflw_GEEDW_S_PODS_DAILY';",1.476,2
" SELECT	SRCE_SYS, TRGT_SYS, SOURCE_TABLE, TARGET_TABLE, WKFLW_NAME, 		SESSION_NAME, MAPPING_NAME, INTEGRATION_TYPE, REAL_BTCH_TYPE, 		SCHDD_RUN_TM, FRQCY_EXCTN, SRCE_REC_CNT, TRGT_REC_CNT, RJCT_REC_CNT  		FROM	GEEDW_PLP_BV.GEEDW_ETL_JOB_RUN_DTL WHERE WKFLW_NAME = 'wflw_GEEDW_S_PODS_DAILY';",1.108,2
" SELECT	SRCE_SYS, TRGT_SYS, SOURCE_TABLE, TARGET_TABLE, WKFLW_NAME, 		SESSION_NAME, MAPPING_NAME, INTEGRATION_TYPE, REAL_BTCH_TYPE, 		SCHDD_RUN_TM, FRQCY_EXCTN, SRCE_REC_CNT, TRGT_REC_CNT, RJCT_REC_CNT  		FROM	GEEDW_PLP_BV.GEEDW_ETL_JOB_RUN_DTL WHERE WKFLW_NAME = 'wflw_GEEDW_S_PODS_DAILY';",1.017,2
" SELECT	SRCE_SYS, TRGT_SYS, SOURCE_TABLE, TARGET_TABLE, WKFLW_NAME, 		SESSION_NAME, MAPPING_NAME, INTEGRATION_TYPE, REAL_BTCH_TYPE, 		SCHDD_RUN_TM, FRQCY_EXCTN, SRCE_REC_CNT, TRGT_REC_CNT, RJCT_REC_CNT  		FROM	GEEDW_PLP_BV.GEEDW_ETL_JOB_RUN_DTL WHERE WKFLW_NAME = 'wflw_GEEDW_S_PODS_DAILY';",1.019,2
