<project name="WebServices" default="all" basedir=".">
	<description>Build File for various java utility libraries for TDM project </description>
	<description>Created by: S Hebbar, 8-Sep-2009</description>

	<!-- set global properties for this build -->
	<property name="root_dir" value="../../../.." />
	<property name="jar_classpath" location="${basedir}/../jar" />
	<property name="jar_path" location="${basedir}/../jar" />
	<property name="src_tdm" value="com/geaviation/tdm" />

	<property name="TODAY" value="28-May-13" />

    <property name="usersimulation.version"    value="1.1"/>
	<property name="tdm_simulation_jar"  value="tdm_simulation_${usersimulation.version}.jar" />
	
	<target name="all" depends="tdm_simulation" description="Generate the jar file"/>

	<target name="compile" description="Compile the source ">
		<!-- Compile the java code from ${src} into ${build} -->
		<javac debug="on" srcdir="${src_tdm}">
			<classpath>
				<fileset dir="${jar_classpath}">
					
				</fileset>
			</classpath>
		</javac>
	</target>
	
	<!--****************************************************************************************
               Library for TDM utility code. Dependency with CDF writer jar (ccl)
               has been remobed from 1.1 onwards. HBR: 02-Jun-2011
	****************************************************************************************-->
	
	<target name="tdm_simulation" depends="compile" description="Creates Utility Jar file">

		<jar destfile="${jar_path}/${tdm_simulation_jar}" basedir="${basedir}" includes="${src_tdm}/usersimulation**/*.class ${basedir}/Properties/*.properties">
			<manifest>
				<attribute name="Build-Version" value="${usersimulation.version}.1.${build-CVS-Tag}" />
				<attribute name="Build-Date" value="${TODAY}" />
				<attribute name="Main-Class" value="" />
			 	<attribute name="Built-By" value="${user.name}"/>
			</manifest>
		</jar>
	</target>
	
	<target name="clean" description="clean up">
		<!-- Delete the ${build} and ${dist} directory trees -->
		<delete file="${src_dir}**/*.class" />
		<delete file="${jar_path}/${jar_name}" />
	</target>
</project>
