<?xml version="1.0" standalone="yes"?>
<!--
***********************************************************************
* Module:       build-all.xml                                         *
* Author:       iGate GE GDC Team				                      *
* Date-Written: May 05 2010                                           *
* Description:  J2EE build file for creating .jar file for            *
*               datatransfer Project for deployment.                  *
***********************************************************************
-->

<project name="eedwPerfReport" default="clean-build">
        <property name="ant.build.javac.source" value="1.5" />
        <property name="ant.build.javac.target" value="1.5" />

	<property name="bas-dir" value="${basedir}" />
	<property name="ver-num" value="2.5" />
	<property name="build-by" value="Kranthi Kiran" />
	<property name="build-CVS-Tag" value="QADEV_PERFIMP_12DEC2013" />
	<property name="src-dir" value="${bas-dir}/src/com/eedw/performance" />
	<property name="classes-dir" value="${bas-dir}/classes" />
	<property name="lib-dir" value="${bas-dir}/lib" />
	<property name="dist-dir" value="${bas-dir}/dist" />

	<target name="clean">
		<delete>
			<fileset dir="${dist-dir}" />
		</delete>
	</target>

	<path id="classpath">
		<fileset dir="${lib-dir}" includes="*.jar" />
	</path>

	<target name="compile">
		<mkdir dir="${classes-dir}" />
		<javac destdir="${classes-dir}" debug="on">
			<src path="${src-dir}" />
			<classpath refid="classpath" />
		</javac>
	</target>


	<target name="build" depends="compile">
		<mkdir dir="${dist-dir}" />

		<tstamp>
			<format property="build-time" pattern="dd-MMM-yyyy HH:mm:ss" locale="en,US" />
		</tstamp>
		<echo>${build-time}: Started build of [${ant.project.name}] ...</echo>

		<buildnumber file="build.num" />
		<echo>Current build number: ${build.number}</echo>


		<jar destfile="${dist-dir}/eedwPerfReport.jar" basedir="${classes-dir}" includes="**">
			<manifest>
				<attribute name="Implementation-Version" value="${ver-num}.${build.number}" />
				<attribute name="Built-Date" value="${build-time}" />
	
				<attribute name="Built-By" value="${build-by}" />
				<attribute name="Build-CVS-Tag" value="${build-CVS-Tag}"/>
				<attribute name="Build-OS"   value="${os.name} ${os.version} ${os.arch}" />
				<attribute name="Build-JRE"  value="${java.home}" />
				<attribute name="Build-TargetVersion" value="${ant.build.javac.target}" />
				<attribute name="Build-SourceVersion" value="${ant.build.javac.source}" />
				<attribute name="Main-Class" value="FetchORAPDataThermal.java" />
			</manifest>
                </jar>

		<delete file="MANIFEST.MF" />
		<delete dir="${classes-dir}"/>
	</target>

	<target name="clean-build" depends="clean,build" />

</project>
