<?xml version="1.0" standalone="yes"?>
<!--
***********************************************************************
* Module:       build-all.xml                                         *
* Author:       Kranthi Kiran				                      *
* Date-Written: Mar 19 2014                                           *
* Description:  to build jar for orap code                 *
***********************************************************************
-->

<project name="eedwAppAvail" default="clean-build">
        <property name="ant.build.javac.source" value="1.6" />
        <property name="ant.build.javac.target" value="1.6" />

	<property name="bas-dir" value="${basedir}" />
	<property name="ver-num" value="1.0" />
	<property name="build-by" value="Kranthi" />
	<property name="build-CVS-Tag" value="DEV_BRANCH" />
	<property name="src-dir" value="${bas-dir}/src/com/ge/" />
	<property name="classes-dir" value="${bas-dir}/classes" />
	<property name="lib-dir" value="${bas-dir}/lib" />
	<property name="sel-lib-dir" value="C:/Users/nggmnvq/Softwares/Selenium/selenium-2.39.0/libs" />
	<property name="dist-dir" value="${bas-dir}/dist" />
	
	<target name="clean">
		<delete>
			<fileset dir="${dist-dir}" />
		</delete>
	</target>

	<path id="classpath">
		<fileset dir="${lib-dir}" includes="*.jar" />
		<fileset dir="${sel-lib-dir}" includes="*.jar" />
	</path>

	<target name="compile">
		<mkdir dir="${classes-dir}" />
		<javac destdir="${classes-dir}" debug="on">
			<src path="${src-dir}" />
			<classpath refid="classpath" />
		</javac>
	</target>


	<target name="build" depends="compile">
		<mkdir dir="${dist-dir}" />

		<tstamp>
			<format property="build-time" pattern="dd-MMM-yyyy HH:mm:ss" locale="en,US" />
		</tstamp>
		<echo>${build-time}: Started build of [${ant.project.name}] ...</echo>

		<buildnumber file="build.num" />
		<echo>Current build number: ${build.number}</echo>

		<jar destfile="${dist-dir}/eedwAppAvail.jar" basedir="${classes-dir}" includes="**/com/ge/eedw/**,**/com/ge/passwordutils/**">
			<manifest>
				<attribute name="Implementation-Version" value="${ver-num}.${build.number}" />
				<attribute name="Built-Date" value="${build-time}" />
				<attribute name="Main-Class" value="AppAvailabilityTest" />
				<attribute name="Built-By" value="${build-by}" /> 			
				<attribute name="Build-TargetVersion" value="${ant.build.javac.target}" />				
				<attribute name="Build-CVS-Tag" value="${build-CVS-Tag}"/>
			</manifest>
       </jar>

		<delete file="MANIFEST.MF" />
		<delete dir="${classes-dir}"/>
	</target>

	<target name="clean-build" depends="clean,build" />
	
</project>
