<project name="WebServices" default="all">
	<description>Build File for various java utility libraries for TDM project </description>
	<description>Created by: Kranthi Kiran, 12-Nov-2013</description>

	<!-- set global properties for this build -->
	<property name="jar_classpath" location="${basedir}/jar" />
	<property name="jar_path" location="${basedir}/jar" />
	<property name="src_tdm" value="${bas-dir}/src/com/eedw/performance" />

	<property name="TODAY" value="14-Feb-14" />

    <property name="regTestRpt.version"    value="1.0"/>
	<property name="tdm_regTestRpt_jar"  value="eedwPerfReport.jar" />
	
	<target name="all" depends="tdm_simulation" description="Generate the jar file"/>

	<target name="compile" description="Compile the source ">
		<!-- Compile the java code from ${src} into ${build} -->
		<javac debug="on" srcdir="." sourcepath="">
            <include name="${src_tdm}/*.java" />
			<classpath>
				<fileset dir="${jar_classpath}">
					
				</fileset>
			</classpath>
		</javac>
	</target>
	
	<!--****************************************************************************************
               Library for TDM utility code. Dependency with CDF writer jar (ccl)
               has been remobed from 1.1 onwards. HBR: 02-Jun-2011
	****************************************************************************************-->
	
	<target name="tdm_simulation" depends="compile" description="Creates Utility Jar file">

		<jar destfile="${jar_path}/${tdm_regTestRpt_jar}" basedir="${basedir}" includes="${src_tdm}/*.class">
			<manifest>
				<attribute name="Build-Version" value="${regTestRpt.version}" />
				<attribute name="Build-Date" value="${TODAY}" />
				<attribute name="Main-Class" value="RunSqlQuery.java" />
			 	<attribute name="Built-By" value="${user.name}"/>
			</manifest>
		</jar>
	</target>
	
	<target name="clean" description="clean up">
		<!-- Delete the ${build} and ${dist} directory trees -->
		<delete file="${src_dir}**/*.class" />
		<delete file="${jar_path}/${jar_name}" />
	</target>
</project>
